3dc46c4dda92fbc4a7becb33eb91dfeb7e64e80b	code/botlib/aasfile.h
124edadd41e77a6cb223ecfee85ee85dc16de07c	code/botlib/be_aas_bsp.h
886274c4aa54935cf6deeadfd7a8bca1e06bf6bf	code/botlib/be_aas_bspq3.c
d3684983a5223190857f1759f6c4c36e74a21123	code/botlib/be_aas_cluster.c
72ee596cc5ff8a0bb87adfd1cb0021b6cdc86b79	code/botlib/be_aas_cluster.h
00f1316d35fa30e26771e45a30d0b6fb1f88edb3	code/botlib/be_aas_debug.c
1ef3dcafa5b4cb2c83082c42bcfbdd6815d2c1c7	code/botlib/be_aas_debug.h
28be27d64afa8cbe3b7a6fa3b07cf90a9e3f348c	code/botlib/be_aas_def.h
91fe2b5f8d9f800087b9ab6679be7dc6ad2727de	code/botlib/be_aas_entity.c
5f719a409233bb97ba2a7e14339fd99c51214972	code/botlib/be_aas_entity.h
4a3f3029e29b3efaa6148163fa0729b46775ff66	code/botlib/be_aas_file.c
902f7de448ba3d686cbbdc9c56bde8fba024fd7d	code/botlib/be_aas_file.h
e114749ec79c436c2cd08e23ff3f67de356bb330	code/botlib/be_aas_funcs.h
4e8228dfc4e21c85cf0166833308260d8e9218b2	code/botlib/be_aas_main.c
5470a2d6eab04ca82fd461623b6e692338a560d8	code/botlib/be_aas_main.h
0f4c793e04535b6d38896c1adc54bb3f48638a31	code/botlib/be_aas_move.c
65f86179e3c8b43136faf7611a1789fe226df2d0	code/botlib/be_aas_move.h
b8993d2c718d87fc18b8ed49a2e00f3e27d20e5b	code/botlib/be_aas_optimize.c
a158caa684a1503303cbf17a422ba4e483c0306d	code/botlib/be_aas_optimize.h
e43dc6f1b5f621d639de1694c3024f53ef4ba0df	code/botlib/be_aas_reach.c
2ac904a8360faa2cdf2420920dc43c3d932bbcfc	code/botlib/be_aas_reach.h
170523ebb702d7024d06e862e7503f0a1dc33c8c	code/botlib/be_aas_route.c
d4c8a53545f1dc91278653f0d479dc2012050adc	code/botlib/be_aas_route.h
b445e09ae09935649c2a20b1cc50ef68ea5c6a3e	code/botlib/be_aas_routealt.c
b5e9f785ca2d107fa85fea8ed22918b630a9fda7	code/botlib/be_aas_routealt.h
7afb7fbacb2b924024d8dabb36ed7ae0b537c774	code/botlib/be_aas_sample.c
9607b4441cbaa5afeab044b19d81397d1ca3efde	code/botlib/be_aas_sample.h
39aa15c7c3d15d788025ef4632d38a7c69fec3ad	code/botlib/be_ai_char.c
d82774eb2749b9001b628f681f3aa10f80f16eb1	code/botlib/be_ai_chat.c
b24de8c9198897b434d3f38bb0b9fc0f85655e69	code/botlib/be_ai_gen.c
94f6737c6965a6f1c9b669dc94ef4464633bbff9	code/botlib/be_ai_goal.c
a87e3dbacc7bdf62fd78dbe6d7fa98297c68f260	code/botlib/be_ai_move.c
d728bc70b2583e94a8eeaee3fc1c6018856f41ed	code/botlib/be_ai_weap.c
9c74e81948ccfb25dd2553e5ae525383f3bc1915	code/botlib/be_ai_weight.c
312f587eb109a2bb463d8cb405ec383747e2cfe1	code/botlib/be_ai_weight.h
db63dfdb9c326a5ab93b1dc80ab5275799ef7711	code/botlib/be_ea.c
0ce26aaa42387e350f482f66ed67403451bb6344	code/botlib/be_interface.c
55bc1a5c6d8f0c59c1ee03964bf1347904c1bf44	code/botlib/be_interface.h
6d1aba98d3cefe370943a816e6ed02a60f7e4e3d	code/botlib/l_crc.c
80cfc2a4725d448aef22d1692f5d2820f6c0eccc	code/botlib/l_crc.h
31c778bccb5c34d91a82b42629394d451b9f2832	code/botlib/l_libvar.c
ee9abe2e62894271aa7d7c8f78dd51bb423dcd01	code/botlib/l_libvar.h
79cb3a49359439f492aaf3ac412ad1546868f713	code/botlib/l_log.c
c4ec070b297e0751f475e9b43bf8017f460c4f0d	code/botlib/l_log.h
a015f4edf79c2f36a53dd3edbc592e35ce23836c	code/botlib/l_memory.c
9c48650fa16c58a77f65ee829d17fdc902831788	code/botlib/l_memory.h
b8f0c16a2a482c60d695263eb41fbdda561486ef	code/botlib/l_precomp.c
df9629894d7fa05ae25222985dfe97393e69b452	code/botlib/l_precomp.h
7eb48184ca5eb4f5cc725c60e5825ff5a9106322	code/botlib/l_script.c
fb38003289e79a1175c25c9b4bb085da10b67d49	code/botlib/l_script.h
021d4d1d6bcef5ee38acb5bfd6b4fa9cc0298762	code/botlib/l_struct.c
de74e5f35677923bdb76e2fa7f890d41dadf2485	code/botlib/l_struct.h
d1364c6919c0be153a28760c902bca3554306ae4	code/botlib/l_utils.h
54d67746249dba3d27c0f3d92855f0fe8f1f98a4	code/bspc/_files.c
4b103e489a13a4bda077c5eb966019c646e4fc07	code/bspc/aas_areamerging.c
935595fcb74e4df70956adfa6d29d093d3020db2	code/bspc/aas_areamerging.h
5f832543db308bbf0bce063fa2fcc32cfe6dfe72	code/bspc/aas_cfg.c
166958d3280f765831b2ea1d7fcb1a9cde4668d2	code/bspc/aas_cfg.h
cd8dac12f05cb554446035ab9f7a6a5ba49e0d75	code/bspc/aas_create.c
6842c4559d73222b689d90e6d37cfb6ec0c4ecaf	code/bspc/aas_create.h
6d99947f791223597c6b6b2084ad7be86d8d9fa3	code/bspc/aas_edgemelting.c
4983f9517f41982462aff29a3b9803bc6ff898e6	code/bspc/aas_edgemelting.h
c162cf247388a3a25c912dae109bfc26b256fe79	code/bspc/aas_facemerging.c
55be3e05672c02496025d4bbc7665e76e0a77938	code/bspc/aas_facemerging.h
0c4c072ff42a0579a79ee73a2ad06eadcd9359e5	code/bspc/aas_file.c
1b72308979f8a396afa32821ca74d05b8ab730b0	code/bspc/aas_file.h
3b58439125958ccf3257ecf7ff4963bc13fcd16e	code/bspc/aas_gsubdiv.c
0f94855a9d75917289adb51c3e4e0d8fa60d4de3	code/bspc/aas_gsubdiv.h
e19046ee165217a20e32a94a9763283f01e2d54a	code/bspc/aas_map.c
78a718f0c9c11806f026f26b2e3a3865d9993d25	code/bspc/aas_map.h
17537dc1d8257d404034d8632d24d19591575c25	code/bspc/aas_prunenodes.c
6520b3c0d6a2c01e02501eeeb40c207a8a22fc6d	code/bspc/aas_prunenodes.h
b0220cac1b5b1d58045da7fd9e8fa6313a339392	code/bspc/aas_store.c
2f95887c2306f56e542a014a1b2e7e88c72fe5ca	code/bspc/aas_store.h
998e404451e5e99bf34b50bbbf0e893bd31b4f04	code/bspc/aasfile.h
536cb1fd0c4f41acbffa03a11725137471b13206	code/bspc/be_aas_bspc.c
3c96d2e543555f1d199e1ed2929600659cec0359	code/bspc/be_aas_bspc.h
69246ff5494e1a0c5f06f25928e818c41479fde2	code/bspc/brushbsp.c
b7bbf50af5803918ab796cbed9f6f3a6d60f7fdf	code/bspc/bspc.c
95c52ae000d2515839c56b13f849165c87ece599	code/bspc/cfgq3.c
c37eb1d52204f04c14be2b39b9d0d3d26fa7fcc0	code/bspc/csg.c
8026458ed8a42fd5db73a5a69d4880b046b6215f	code/bspc/faces.c
e1b06c5aae5047876883281698cbe1ffffa17406	code/bspc/gldraw.c
4f366a05c962359feaabb7c3ba3e4691075c344e	code/bspc/glfile.c
1f6b362576a7d24c934bd334bd98cd055aaf12d1	code/bspc/l_bsp_ent.c
051fbdcbe8716b26fda458058e835670e5f6de30	code/bspc/l_bsp_ent.h
852d2ac1b669580c057865b617d6797eb1799569	code/bspc/l_bsp_hl.c
16c89bf629493893cc8a6f072b9d40b046a3c104	code/bspc/l_bsp_hl.h
db152406c83084854262ab0b54d678f33e737240	code/bspc/l_bsp_q1.c
0a7de0edff51007627e32569ea3d0d550dfc8f23	code/bspc/l_bsp_q1.h
69a59510dde26a8d459d53fad57091437b10ef93	code/bspc/l_bsp_q2.c
c3b150b17ae27c92460be627a5ddb5c8a97c2414	code/bspc/l_bsp_q2.h
296aedd1f29e312aa4a56e95df223cf87a497cd1	code/bspc/l_bsp_q3.c
65c424b329de05f58c73524176f84055d047710d	code/bspc/l_bsp_q3.h
57cf6f719e6727741b714838f8fd1fd27c151d80	code/bspc/l_bsp_sin.c
7d3c4fb95687206a70b46e0b5e7b8a20c27e23c9	code/bspc/l_bsp_sin.h
fc8e00f435686422ef2773a65a4a16fb8ae3746d	code/bspc/l_cmd.c
a8d4c3237db089b7ed26227f42871c6ddccbdd56	code/bspc/l_cmd.h
967a00a9c91cde14ac26674500d8dc50f2c47ec0	code/bspc/l_log.c
ff1b15ee0fc7d33c7e27c55d725e144b8fbc8444	code/bspc/l_log.h
1d6af61d122c17edc0a912d54451d1958f0c81eb	code/bspc/l_math.c
f1c7d3b27f780441ad655ec8332bb589dfc8cf36	code/bspc/l_math.h
c396c2a4538567e569699542e89f24b167e0f650	code/bspc/l_mem.c
f7008bb631c69418b9177f525162f67e28138af0	code/bspc/l_mem.h
fa1fd54df2939aba95040e90c59d2b189286a05b	code/bspc/l_poly.c
6c67d18d3d7f7f9d85fd9bf589fb49eb7253307b	code/bspc/l_poly.h
a322f83e816af1c902b287635d387dda69350a56	code/bspc/l_qfiles.c
fd6b414bc25f658ab38ddd70e69a6cfdaacf7879	code/bspc/l_qfiles.h
d667e63ba82fad28da5c163018d1df3828e279bc	code/bspc/l_threads.c
fdabedab5a05650973d25e799582a414b1402ab1	code/bspc/l_threads.h
65f60fdfe6534136078e955f4c4f97deaf53b6ae	code/bspc/l_utils.c
030ce15f8673a3fcc289884e27a5d706b78a2145	code/bspc/l_utils.h
5277fdfe1413fed8365660ccdae8cad0f75395b5	code/bspc/leakfile.c
77588624fb465f19103bb59028aa90b47bb63bb3	code/bspc/map.c
e2012dbc6970abd15c80a857e719a4a5792cec3f	code/bspc/map_hl.c
15e38aa00d29e59a11181d964bbf4a596313607d	code/bspc/map_q1.c
8ca3a9caef39f04c9fa66e54df95fe3670f134f8	code/bspc/map_q2.c
37b61311c1236f7798d7c63068b5efea0ffaab25	code/bspc/map_q3.c
291cab91c80cd2ebc54e69be9ef18a448bbb20f7	code/bspc/map_sin.c
7f7d7ef5358297aba33e966a06d002290b2a5e66	code/bspc/nodraw.c
c440ac7ad1851155ca4fd3ac5163071660e2da98	code/bspc/portals.c
6a124ae7026d9881433837fa64fe1c1549490899	code/bspc/prtfile.c
0689a24ba1ed91f9fbee8fe3fe3dd0b24c90b364	code/bspc/q2files.h
0488ee3362133496d052ea6fbe79d8008b4f56da	code/bspc/q3files.h
3d7cb105e17e92a2fce2c25a843b771954eab32a	code/bspc/qbsp.h
0689a24ba1ed91f9fbee8fe3fe3dd0b24c90b364	code/bspc/qfiles.h
ec90c6281f164bacd55e3c238416da759c204dc4	code/bspc/sinfiles.h
fb1060a53f4647740e86582a10e49dd7cecca72e	code/bspc/tetrahedron.c
854a790fbae170145a373dc46e8b834d8941f335	code/bspc/tetrahedron.h
f25d6fae5c735b2bc58859c48540de38f6950e13	code/bspc/textures.c
22478cd238ca343116d1fdbdaebdb5853efcd166	code/bspc/tree.c
0625d9073ffee37a58b40b40f8f0fa7849a74d11	code/bspc/writebsp.c
4e10757a2b6ec17ce1675c0c58138d57a029c947	code/cgame/cg_consolecmds.c
09fd96c2c05352eb61e8b4ac8cb57edfb6e414a3	code/cgame/cg_draw.c
0eb34c0e27ad8f262e6141a819d4947826a188dd	code/cgame/cg_drawtools.c
08ced2623a7d242b993fce77dbd05d9caa7c0b52	code/cgame/cg_effects.c
4fbd72eee8583855ff9f412fd1c8129b1ecc2e0b	code/cgame/cg_ents.c
94c52ee1f46040bf06469520c75e687e0efb33b8	code/cgame/cg_event.c
d331ab99aa6556b7bac64034d3bd1b9c500ca532	code/cgame/cg_info.c
c136027ca563244570d1dcd4c5a12c2fb6718b1b	code/cgame/cg_local.h
cdc375f77605dada40b60e30cd124447f8a7876c	code/cgame/cg_localents.c
93beaba150670e69e34fa6545b0a9ea7f99106cb	code/cgame/cg_main.c
74ce1406cfa0b79972aa3f6594a1e7faeee752d1	code/cgame/cg_marks.c
ecbbd4dd27d52fb021da2e16ec5a22ec2dbf5302	code/cgame/cg_newdraw.c
e6e12e83f802d8dbac8ecbb84bf75e676beb3dfb	code/cgame/cg_particles.c
90606afedf37dac6fa90aff7cc1314cbab50a35e	code/cgame/cg_players.c
009a1b954331b658254bbc964cb5aa753dfe3b0d	code/cgame/cg_playerstate.c
d224cc1e351687bb48412e0a10c6ed9e1f094dbe	code/cgame/cg_predict.c
258b8709ade26e058531a381742ec9dd2b310f8c	code/cgame/cg_public.h
12ea55bc8dc911f499b6421e8ac47a4ba8d9805d	code/cgame/cg_scoreboard.c
74dfcba4296fed97395c3d4cde4df8838b0b8a6b	code/cgame/cg_servercmds.c
70737203373679f45dc9797a7ac1e78169a69ad4	code/cgame/cg_snapshot.c
8c6c966a85ce60cfc1440b4398d8fdeec4053ae3	code/cgame/cg_syscalls.c
9ac2be49a4ca9c819a9c6c6463bce93c96d3efbe	code/cgame/cg_view.c
82c6d3bdee5422497364bc3773d426730fd8ce8e	code/cgame/cg_weapons.c
609106e19ddbf83f9df36632291ce66dd10feb17	code/cgame/tr_types.h
24925b9b3bb47608b86c072930d873a8b9768714	code/client/cl_cgame.c
c36047d4ff2c00585b02bd04da20e011a84f1e93	code/client/cl_cin.c
a2d3aa43892350051467537ae47f8b927f77f2c8	code/client/cl_console.c
941d017383bb3617ea6bd35c01480d407f70b7d8	code/client/cl_input.c
ccc3f8854c033fabe603235b833c7929850179c8	code/client/cl_keys.c
e1de80eeb19c687ac57ef12e4a7480c8724557c3	code/client/cl_main.c
a703c6e9dec75c14b084298d3b0922c202b0e14b	code/client/cl_net_chan.c
81192ef81b5bcb405c13add53fed634a8b33dd3c	code/client/cl_parse.c
20a38a1ac3901f2dda57566dd829171673165169	code/client/cl_scrn.c
93d394b1e8d1a0d1ca99f2656f9c544868bb99f0	code/client/cl_ui.c
2028afacec103759e72ae43b8c0f67e6da99ae96	code/client/client.h
1a95196ab443e71248918c1061811130d4832b76	code/client/keys.h
8c1d023f10836945d116012a056b21708cd0fa89	code/client/snd_adpcm.c
454ddc7da3a97a6f87350ac6d108866348855e03	code/client/snd_dma.c
6590dc9c42ad90e228f79c87aab1250ba24bbd04	code/client/snd_local.h
695adf832ac2226b7569c2546a02cef6bfc49ab4	code/client/snd_mem.c
8ea8ff5f0c2ca31a3c00a640301b6833ffb1143a	code/client/snd_mix.c
7ead2d4d6491bcd2b055983cecaff300a4e1cb22	code/client/snd_public.h
efe8aebb45bb647a52951903401293677b0cf00a	code/client/snd_wavelet.c
ac57f776e61aa6249760b42dae19dc117f2e9bf7	code/game/ai_chat.c
82ea7d5ae488c77923a7c16393c23b30b5459a63	code/game/ai_chat.h
f530f8099edc8eb792ffb2e222a687931b62a2d7	code/game/ai_cmd.c
ea2ba065d22b1b17761a745b6330a72ba5e5d0fe	code/game/ai_cmd.h
e3e48a390e404ed84407e9e46a31c07f0ef86b33	code/game/ai_dmnet.c
c67c1e8f901229738ddfd4be7e2c235d053299bb	code/game/ai_dmnet.h
41fde8544743614f631b5b9e4de039ec65acdf52	code/game/ai_dmq3.c
a5d836332b6c03fb923765dbeff7396c24453fac	code/game/ai_dmq3.h
8704f3c869fcaa7f606f33d7e24db15b46d82d08	code/game/ai_main.c
c01716f2aabbcb1bdeee7587ae0162b391153bfe	code/game/ai_main.h
d84c01f5f08b95549c9f55e1006a14548300f44c	code/game/ai_team.c
9763381be4445ebdc39a25544de39d0afabe4104	code/game/ai_team.h
f34430f9ed2e720fe026a84db7282c93cb2450e5	code/game/ai_vcmd.c
75afb5574117d7389712cf224c6f194a16362d44	code/game/ai_vcmd.h
ab30e85ffff8480cda2a798f7d6b1caac621d914	code/game/be_aas.h
e0bd98a9760641fdb53c03bead176e8f3d635203	code/game/be_ai_char.h
24ea82c65c43ddb6213396f324ab7b03ea15f9e3	code/game/be_ai_chat.h
d63a9c37d905f6674ae9534d00c949130228588c	code/game/be_ai_gen.h
01ed4a59f07d236bda916111a68aba4ad511eda8	code/game/be_ai_goal.h
5565fa0596494f02a63005700d6681dd8cd11289	code/game/be_ai_move.h
0c830b1d877648610775570288319c3e0c17717b	code/game/be_ai_weap.h
291d4a35e247a6175590ac31f8c5ea7e7524be3a	code/game/be_ea.h
6169f44e73d64ff2a02418e2f3bb23c967bb8865	code/game/bg_lib.c
9c5601d52fa446923b2a997be0c1a3368e241d9a	code/game/bg_lib.h
69de58b5bb26247ca57979dcb415bceb92c51a5b	code/game/bg_local.h
fe9a08a511beeaf4e0af9a3be0b61da80ebea5fb	code/game/bg_misc.c
031712b1f71cb40a3139e553d52e59c5629258f0	code/game/bg_pmove.c
b44b2d8fafe9d01a989254959e5b6f7f93aa7d1c	code/game/bg_public.h
2de7084b8986f48163afbf18aa6bbd441b3543ea	code/game/bg_slidemove.c
6628a9a92fccfaf5ff3bf8332afc7671878452a5	code/game/botlib.h
e1b45fb5abb2b4218b76595b95acd6b81f8389b3	code/game/chars.h
a35a66d12b1e0bb2bcce3d56e3935b68720f49ab	code/game/g_active.c
969b5c5572f7de8494fbd4549c981b592f91f88d	code/game/g_arenas.c
17a912fd6f9ee0a39a0b734b73ac3400790e565c	code/game/g_bot.c
50aa84281b27cf7eaec2dc556d5a0bba38e26e66	code/game/g_client.c
78f940c6d11a1ab5f5320647950952d7f11128f4	code/game/g_cmds.c
1410e33f989be3c0da11c4eb60faa43c1aa56087	code/game/g_combat.c
95c68421e4c8db40c74e9d4c482bb73935e29419	code/game/g_items.c
5edd8d0f30131e9bff8e980bc8a272e4ef64ede5	code/game/g_local.h
123b7b8247802636ae19bf96f7681397bdd282da	code/game/g_main.c
428d56e02665b53b94b7e9550baee14f91cb9d58	code/game/g_mem.c
0a57e23cccdf0e78c8c5d1a1f8205ff931bac141	code/game/g_misc.c
7dbb1af78f2fc1096f2d388541fdcee365423e29	code/game/g_missile.c
b3f2ea92370f616bf6aaeffe9fd0565001523c36	code/game/g_mover.c
a4855d4a381926abe6e93674a740e0c2f6c7da15	code/game/g_public.h
aaa1ac9c45e066f400677c822ed2afafff7ffd33	code/game/g_rankings.c
7fcdefc84b4b92356deaff2328e6b5dc78711d95	code/game/g_rankings.h
33b9955e773d2a6d258c98ebe03cf863ff7b889a	code/game/g_session.c
59e5d0536428379285f6e209e6d582dce2b8079b	code/game/g_spawn.c
5e9209acb92550a9c3bbf2ba9fd49da4631c6355	code/game/g_svcmds.c
ce62bac6ea935a85c8dd59addc106358e1f69957	code/game/g_syscalls.c
84a977105aa6814b79207b2b08ec0032826df521	code/game/g_target.c
047234aca92f1cf40914dc7013505f706d2dd1af	code/game/g_team.c
9acd02671c8df86d2c14a5eac804c1b699eb7695	code/game/g_team.h
0a5ab067c585b20a0bb98c8109d3cc2694d2140d	code/game/g_trigger.c
23202b1bf1a033b587bcc3f8327cf2f2bec3d2c7	code/game/g_utils.c
a841c869864af1e5ea984d18fbe89b307df2ee49	code/game/g_weapon.c
f8441898b41a593debc4d8d673b154ef2e1cb371	code/game/inv.h
a59f5c7c2f04d50955432cbe10cec7662274cc1f	code/game/match.h
3fd7fa6f2ea5b0d12ae6895e8411552604e2768b	code/game/q_math.c
b9d8de24f16224adf95513389d9304160dffa540	code/game/q_shared.c
c9b80192354e1a24fd725b67b46bc763b04ace57	code/game/q_shared.h
e6405f7ed03f215e784cc783c23739d9c1865f61	code/game/surfaceflags.h
244b3b1af12ae5b34ffd88d7ed0f2c7d8fedd847	code/game/syn.h
089fcc467d0dd65a1e868935c8eeb7179bd8a345	code/jpeg-6/jcapimin.c
6e1c0b9a8c8ed7504384eeda06fb8403dc463287	code/jpeg-6/jcapistd.c
e11e855d60be24405b69c58752de422bb0faa927	code/jpeg-6/jccoefct.c
c814270c6fa6b76a319943f30bf080dfa48201a6	code/jpeg-6/jccolor.c
283de9b50ba1409f2e67974c7f40e6a21ca256bb	code/jpeg-6/jcdctmgr.c
db34b75a8c96cac7b03cd55c9e268e5e1cfc0d12	code/jpeg-6/jchuff.c
685e71f2ed5c3ec2b145b91f3aead25d3d43d13d	code/jpeg-6/jchuff.h
83903f76f7e9aaa74d7f137b66c3d4d57a099cf9	code/jpeg-6/jcinit.c
b486b010c5e2b96f3c13f9d23353d4040db760a4	code/jpeg-6/jcmainct.c
d9abd1b41babc0b00a70be669f346bb8f2602346	code/jpeg-6/jcmarker.c
19792b8a10feadde21c0e94691525ef53db481ba	code/jpeg-6/jcmaster.c
4a108341aad27c437e7a37b52be741a95880b0ea	code/jpeg-6/jcomapi.c
3a5ddda3fe9f24cff805ad5b5570b7809f7311ce	code/jpeg-6/jconfig.h
e0a975559d18891e201f30132415117089f95780	code/jpeg-6/jcparam.c
d8c043c091fe0cd6666b63dcf9962baad7961e97	code/jpeg-6/jcphuff.c
840e4f431d6583136f1c582bd56b27da5af5d7f9	code/jpeg-6/jcprepct.c
00287278fa50968812696b64c6e7195465b3ab9f	code/jpeg-6/jcsample.c
3f2bbf9d11675bae8f97daf938bbead11bce9425	code/jpeg-6/jctrans.c
ef308d187fcf29f552f1a1fae5cbb12055dd23c1	code/jpeg-6/jdapimin.c
e243153306fa455900d0c17626976b9aabe8c9de	code/jpeg-6/jdapistd.c
fc61a19f64b8c78fa485b301dec0037d7721f817	code/jpeg-6/jdatadst.c
6126aad60cfb171b1ac1809b301db4addef7e2ae	code/jpeg-6/jdatasrc.c
ceaa82526a80a4377f36e97a9374f1d204952bcd	code/jpeg-6/jdcoefct.c
a08d7b119bebc520fd12e15ace2d0dfe4a4e4751	code/jpeg-6/jdcolor.c
74726a568d5ddb4b29985baef2f862e57e1a5831	code/jpeg-6/jdct.h
a60176941002e4b9c44941a2caec4b2f742b628a	code/jpeg-6/jddctmgr.c
9e1069a266cc379f2f03ef776e04a541ab58507a	code/jpeg-6/jdhuff.c
0403d0c1626052b7385c4e7922e9e812d598ebb0	code/jpeg-6/jdhuff.h
72c85a5d3f158e3ae7ebdf8c8d7c7379d3663a34	code/jpeg-6/jdinput.c
d73ffea39285937e3d97304ae4c181f82ce183d0	code/jpeg-6/jdmainct.c
a0330d2f8f909ce221566e20c1e463b5493be432	code/jpeg-6/jdmarker.c
b36663f920054ad6d7135dedd6038581bf5aba17	code/jpeg-6/jdmaster.c
90daa1edf08a109c27b49709b968a89035fb8117	code/jpeg-6/jdmerge.c
dd1bdbeb630c6eb378da039f60f80a36c28f98ec	code/jpeg-6/jdphuff.c
83343c77781c27c38a39a0b4ccf372da6352a1ab	code/jpeg-6/jdpostct.c
78a16285e1fb6ed77e65fe3793981cd6565f8136	code/jpeg-6/jdsample.c
f60953636be6b24a71276cbf781203bca6d73f45	code/jpeg-6/jdtrans.c
2709301aa46afabf162ebae757737005cd715466	code/jpeg-6/jerror.c
3d9a14a42066b7e2ce225da2a6dedc1db5f64b63	code/jpeg-6/jerror.h
e4f4da7f15b5a375a9c7f1e218e3e5b2021daf9f	code/jpeg-6/jfdctflt.c
39e0b092dbbf081e483f1b1b2e3f0bb1ead39918	code/jpeg-6/jfdctfst.c
116259962bbd98f05c726fa15b4d1f6bcf60b8f1	code/jpeg-6/jfdctint.c
50f1c9ac0bd9a23b7d6f6be9126743910c34f213	code/jpeg-6/jidctflt.c
abac1bf55f505b0161b8dd15333aeca4d90771d0	code/jpeg-6/jidctfst.c
762f94e28d02d114dfde17999b6dd206a1c639c8	code/jpeg-6/jidctint.c
201d241497d9cb2fe16c7c10477d1e6630af3175	code/jpeg-6/jidctred.c
3870606f3cf9aa5ccdcbb051095358265dc3a565	code/jpeg-6/jinclude.h
f947f5d090dedb92f1f1a9a78d824584041a434e	code/jpeg-6/jload.c
fab819576ddfe53272b8b348ab07847a181d01b9	code/jpeg-6/jmemansi.c
9f7437e735eb11ae36b4a64d1c4932fa80aa0614	code/jpeg-6/jmemdos.c
8bb542ebb9a4dc0d4bbaf980065793ebcfdd853f	code/jpeg-6/jmemmgr.c
9ecb104ed8ee7eb64d0de8e2d84d40aa4d44f7be	code/jpeg-6/jmemname.c
8feccf172b9d72b71bcae594d104057456e450f6	code/jpeg-6/jmemnobs.c
8ed8f659908c1c1209d53d3e067065fa5c97fe12	code/jpeg-6/jmemsys.h
f4dc3c0c700385e6d428f8e708d803241a6c58df	code/jpeg-6/jmorecfg.h
f6c4c81b1b2933c71c5d9ee3fe1ed257bda9936e	code/jpeg-6/jpegint.h
67497a7159afc753cf40a9004003824d23fed979	code/jpeg-6/jpeglib.h
9b86827333d44717ea3800c5879d331798d561ba	code/jpeg-6/jpegtran.c
c3f2716edfe81e109c55c082ec2fc9f420ab8e7d	code/jpeg-6/jquant1.c
c882b591b24c9d4394fc341f7cbba8ee02b7482f	code/jpeg-6/jquant2.c
45d5ec5ff377645d944427eb2d3797c7747ac895	code/jpeg-6/jutils.c
c48f3ae970525a58f1ae1f6ec519ffb3731d0496	code/jpeg-6/jversion.h
c7aa301b76507bdb1d716243af9ad76fe0df6b61	code/macosx/CGMouseDeltaFix.h
c01c7eb50c3f57bbb2d4df8df01b5a32160fbf7b	code/macosx/CGPrivateAPI.h
45949a0c2a003a3a525b2655d30836ac357702c9	code/macosx/Q3Controller.h
2326307f156c8ab4660fb47c6412531b6ae73e6c	code/macosx/macosx_display.h
fe6483be1bc0d23a61ea7fe37eb52546bf6fed11	code/macosx/macosx_glimp.h
63e558b5460378719059e3b697798fdca2a2df9b	code/macosx/macosx_local.h
920ffafc9689b0b77540b61cfc8719caaaa0f111	code/macosx/macosx_qgl.h
d74f3339028f03c3f7bcfc1e969cc1ccd3dfdfe3	code/macosx/macosx_timers.h
ffe1005ff53978fb93b23a1ff97ec90e6a05c0ed	code/null/mac_net.c
8f08d4e97cc8f1c417ff6d28995ea6ad7930f3f5	code/null/null_client.c
9d744a2bc4f44bf9e4d55989fa2ddb3155792f0d	code/null/null_glimp.c
2ca670d12d8daa9710850747d4f822bc763aea4a	code/null/null_input.c
4331d99dce45effd3aa18ba98e45c0480c5ed559	code/null/null_main.c
3d4b25e9ef920a50e19a584d6585451d68de1674	code/null/null_net.c
1ba1ce808453f97be0a2aa68f9e5ef2db99b6f2e	code/null/null_snddma.c
6bd2638962efff2409cd17bc0609ff644876ed26	code/q3_ui/keycodes.h
38731d1c3645bbc42bd110f74928d40b4e4fbed7	code/q3_ui/ui_addbots.c
66354d53ba1461b22e52cc09b81f06dadeb45f8e	code/q3_ui/ui_atoms.c
54257cef355c5ba715839ac4bd086b90a97b07a1	code/q3_ui/ui_cdkey.c
3467edbebfbe264bf56bb261f121ef1c44b8ed3a	code/q3_ui/ui_cinematics.c
fa0b54a4e41faf91055683b95dd5fd24ead3969c	code/q3_ui/ui_confirm.c
bed0237a5bd5c45434078490d688201b246313ea	code/q3_ui/ui_connect.c
11bdc141d01f10c5951c7a54589434e70d745a4d	code/q3_ui/ui_controls2.c
1c7f375f5220deee236e827c2334835d883c75a8	code/q3_ui/ui_credits.c
bdffe3196405a4fb83e214510973195e1719523f	code/q3_ui/ui_demo2.c
3576328c6684389f9af29d01e6f1b0fc989adc7a	code/q3_ui/ui_display.c
0687911998356a391b90f8f83a724ffb8b6491fd	code/q3_ui/ui_gameinfo.c
54fb3f9f2bfce50dd15714aacfe9a7554a25158a	code/q3_ui/ui_ingame.c
f19dca79e6ed7e7d26ccaa2ab9866213cbe15bf3	code/q3_ui/ui_loadconfig.c
edf2ac0261e8cf9951ded3cc9aa0faff98d21253	code/q3_ui/ui_local.h
01f1d6fc6c5bb719151327db8524a48b6f77aba6	code/q3_ui/ui_login.c
2ff33a25d642bfcc2fc885d2c5ab0f3c6b896aec	code/q3_ui/ui_main.c
7dabb866cc3e3f1fce4a6825a84e756f2beea7ba	code/q3_ui/ui_menu.c
03f698f0d437fef35f5b00c08cb022c68a7f8561	code/q3_ui/ui_mfield.c
0abdce0a5160f11aa7da1a1a8e93a39d248b1009	code/q3_ui/ui_mods.c
baab49cb45b21bf35196317d79b2fab3cdfed231	code/q3_ui/ui_network.c
e7e8f24a74326d491dec0163dd41153ca5a28326	code/q3_ui/ui_options.c
45ed6eaf9276b6b0927ea8f23e43f1a23b0eb503	code/q3_ui/ui_playermodel.c
0181d20fbf9e18b410b3cb8f815c5bf5cfa748a0	code/q3_ui/ui_players.c
6882093761bfe6754a94ddd3a94ee86b2ae9bb56	code/q3_ui/ui_playersettings.c
2ae47e26587b49d595cdff6faac2236c5b036920	code/q3_ui/ui_preferences.c
b42378f314d0ae52c7d24d7c13d0e5a58ee8a8fb	code/q3_ui/ui_qmenu.c
dfb0a689798916a0d760685a8e9b0e16f659e26b	code/q3_ui/ui_rankings.c
69d54faf0b18300a5b1706fc99f519d73f2b0a67	code/q3_ui/ui_rankstatus.c
1e065baff158055af179570b6cf60fecf219559b	code/q3_ui/ui_removebots.c
e6e753dfa182a3b3f0b2d0c11df25bb45a60912c	code/q3_ui/ui_saveconfig.c
357a42abcfa95dd43aa69d9e8c0f58238c2be3c8	code/q3_ui/ui_serverinfo.c
e0acb155ce36b0df6dd32df97680f4bf8e1b8201	code/q3_ui/ui_servers2.c
4153af064da271d649dfeefaea6a77cd109a273b	code/q3_ui/ui_setup.c
944ba5071e7be9f745fd0a65e7dd3f5d216f28ed	code/q3_ui/ui_signup.c
6e9da902cd0a01685b36f57a0a4503b9f41fb228	code/q3_ui/ui_sound.c
33f56af92617391e816862fcc459d0a1b9fec051	code/q3_ui/ui_sparena.c
9c417aa9fe7065692acd47ca5d75a29787122b96	code/q3_ui/ui_specifyleague.c
38688492d6bc41486166780df54df247f2c7e0ac	code/q3_ui/ui_specifyserver.c
9871c4a288bef718f236da97c86db6f8ff9ec826	code/q3_ui/ui_splevel.c
b2e9ce84cfc1f0c5f591061794b2cd72913a40b4	code/q3_ui/ui_sppostgame.c
6d902ef5d39f215fdeafee54b8b0df88f2b1e16d	code/q3_ui/ui_spreset.c
f7d3cee54453f4b0cde03fe06c9677a2b0dca9ad	code/q3_ui/ui_spskill.c
1a567f9badcb8c646af45d7b3281f7ade9b59d96	code/q3_ui/ui_startserver.c
16fda8a3575ad5cc3255efbdab84737212c7ae55	code/q3_ui/ui_team.c
4ef74f3826f34836972ccaabfa3aea336af32e2b	code/q3_ui/ui_teamorders.c
de1e268df4e8fb5855ad03393dec9c499aed3df7	code/q3_ui/ui_video.c
0de5ca476d62462038c71c0daa5e619ea92e069c	code/qcommon/cm_load.c
cdbba0609e50d7eca92c951b94df2775596e623e	code/qcommon/cm_local.h
1e78e62e105de24b2fa8186c0afa91dab41bbf36	code/qcommon/cm_patch.c
6c576eea9f4c5e330a0e6a936760a47e4fd39d91	code/qcommon/cm_patch.h
4940c2ad04f4b9c4b88583508ec24169ae1fbf38	code/qcommon/cm_polylib.c
f0f28a00e1d1662efbb72961c05310811a17bf4e	code/qcommon/cm_polylib.h
b94ecc6d2140bd1b5ba65e3c4404f1e27892f49d	code/qcommon/cm_public.h
8fc036eb3208bd1e051f95e16a808e03f4c03c70	code/qcommon/cm_test.c
da8444a8fc2b951e9e9538573d9c8da5d52a2591	code/qcommon/cm_trace.c
0a541007c8015ffb19e909d9256f466613c71c54	code/qcommon/cmd.c
dd44d97e6b5512e69a174c2134e1ece61385f6ac	code/qcommon/common.c
d1ed8f9e5fef5e2fbb8e7544c806b75133183b80	code/qcommon/cvar.c
2ca7b57d15c370f0259ba3379d1a6cf295f973e1	code/qcommon/files.c
41243fba8adff1da42532edbcdf38e8a68adcaac	code/qcommon/huffman.c
e13e3ab3dc6b7077d8f85ed353169a347fbc0a0d	code/qcommon/md4.c
fe07b909f673964c908daf329e6d233f577cd844	code/qcommon/msg.c
6b791be41b7e88cced7393be7e205d6ccb503765	code/qcommon/net_chan.c
76215756c05704995c67d0105723cbd4c923c6d7	code/qcommon/qcommon.h
47ff7fb180292a9d0d4a739d52dd8124905a7b6a	code/qcommon/qfiles.h
da0ba329cd7686b8a38179aabed5264ec7fafa43	code/qcommon/unzip.c
1df4fc537b3b60a34ea261e3145d64fd992b28cb	code/qcommon/unzip.h
eaa41d05b34385b7aa7dd1ba5e0486caecc9d61a	code/qcommon/vm.c
0f14070134c9a8f520e3e0d6c56e0a5fe39417c7	code/qcommon/vm_interpreted.c
bfb6338501bdaa03f9b563cd5a8ab366d4c27f62	code/qcommon/vm_local.h
82a61b0eaa240376077e01f5a4cba99f78d71d7d	code/qcommon/vm_ppc.c
a74e72f4a7f761e6424bda15969f7689651ddddd	code/qcommon/vm_ppc_new.c
d30bad06a6f0b0c699ca4791381506e1f84ffb9e	code/qcommon/vm_x86.c
ec9e4a165743804241798180d005c9863ff7ed43	code/renderer/qgl.h
186ce337503a53e890974311ef8a3b9864659f4a	code/renderer/qgl_linked.h
827a0aa205cf82c16a33274daf44a55551226b38	code/renderer/tr_animation.c
9eb827c30fafc8ca3da9469c4dab0761dff57aaf	code/renderer/tr_backend.c
fec0564243c8c8955921ff7ea63840e95559685a	code/renderer/tr_bsp.c
7a0db30c562faa2c3b4337450ceeebec4ec004be	code/renderer/tr_cmds.c
ecd2e4049799058edc09ec54055d166cfb85ea31	code/renderer/tr_curve.c
8654dd718e94e700e7d6637afaacf778ef2b6262	code/renderer/tr_flares.c
8ca0735c967902b6583ee7d33404ebb32742413b	code/renderer/tr_font.c
37f0f7e380a7cb460e8d7219c1ae2db143dd620d	code/renderer/tr_image.c
79b4ab88d88a4184f4987c4c6d21f0ccdeb094e6	code/renderer/tr_init.c
c90dbb366878e1481648bd7a627959e3418ada8c	code/renderer/tr_light.c
12cdc77e13c031009d9cc6cc6516476b009c32e1	code/renderer/tr_local.h
7d20b2da6c731975e86ca6b213aa8756d4e84c2b	code/renderer/tr_main.c
852cba307a7c6ec3e7011f9d95bb4703382bebb3	code/renderer/tr_marks.c
3b828c05f154641da3c4033809db63efd93f5247	code/renderer/tr_mesh.c
7c5cb8bdb58e620526feefe7f96eacf2e75da1f0	code/renderer/tr_model.c
65f586a910d1ee7151efaeda13008b449e9f8086	code/renderer/tr_noise.c
5fb455eabad795359bd60ba779064a091eeb6a3f	code/renderer/tr_public.h
90040c25e0ac573541d32f9dd6dee7d5c20be9ec	code/renderer/tr_scene.c
e24f913afed64756268c111dafcd3dd90758886b	code/renderer/tr_shade.c
a080e5f52b89ead3f04747e2ae9679065ebf3fea	code/renderer/tr_shade_calc.c
42ae09238fdc28a3abbff9341951e66961a06adb	code/renderer/tr_shader.c
23e0d5e6e5e237df85cb080f2019af8c4ccd5395	code/renderer/tr_shadows.c
617466930caa85036a4567db1c080979f9dd5a7e	code/renderer/tr_sky.c
c7631b498718262aad10c0d73825375f92c40463	code/renderer/tr_surface.c
3804b54d486cc1273bfc68312763585152e60d84	code/renderer/tr_world.c
af96d5c56744f0acac429995a8dd5197f50cfb13	code/server/server.h
ddf682420bcbc722a78b4efa659315e66c45eb07	code/server/sv_bot.c
c07e67c12ed7a8aeeaa48e5184d2151962244040	code/server/sv_ccmds.c
a35559d7ea92deb0caeb11991126d67911596973	code/server/sv_client.c
cafc7bd5e85f125f2d09f4e22d062eed35fe258b	code/server/sv_game.c
2158a6d78edf117037cb6f6672b46cb79405427d	code/server/sv_init.c
a283063586425969ad9815be7c7007d7eb843fc3	code/server/sv_main.c
1db154285a4bf4d78d19c7ea209405a2418bccf7	code/server/sv_net_chan.c
a817aa8f5aad437d243df8b32bd1f2e2774ec6e2	code/server/sv_rankings.c
7a808532a2cf46edc62c4c61a2ee7a58e4d96b73	code/server/sv_snapshot.c
c2ff07d45c18cb1c1698eb99312a21c6bdeff787	code/server/sv_world.c
6bd2638962efff2409cd17bc0609ff644876ed26	code/ui/keycodes.h
c4340512a41d9f559b74512434b528a5cee331d3	code/ui/ui_atoms.c
acda0bd63b83e09a2b6f60169a31f24279220737	code/ui/ui_gameinfo.c
42cb2e5895b4f97344b0a67639fd5b7887a4ff20	code/ui/ui_local.h
99ce25a26b51dbaa05b78d3328a2f75391ad2c6f	code/ui/ui_main.c
a080f0f8d376196ba826beba964a1199794ba681	code/ui/ui_players.c
37a003603212295a271ace3306cc63f20d37fa47	code/ui/ui_public.h
d29595a2d9048b6b5f963377ad2ee9b7f69b532d	code/ui/ui_shared.c
1d5d1fb07fa2a55b77a443485c2babe7bedefb36	code/ui/ui_shared.h
be274982315cb6c56a8ba32b79a57f65829ff038	code/ui/ui_syscalls.c
6bde3cc913c2edda4a577d92512a8bcf4ffcc1d1	code/ui/ui_util.c
aafeb01af6d760531dcbdf1072937e3556b642e2	code/unix/linux_common.c
4f3aa7fcbfa106ace414203b4997577498529b60	code/unix/linux_glimp.c
3925dfc01e090e27adc41ab5dc32f46c76ffcf79	code/unix/linux_joystick.c
7854d4d1766cdd84aa34a8cf6cc0bf6226ac08fb	code/unix/linux_local.h
37f5d55d2011d43d7894ce2e7ec42310d45e239a	code/unix/linux_qgl.c
941aa70927083aec79f187ff4e75407a49b92820	code/unix/linux_signals.c
bcf6e2f6f2f191cb2cb0a1f7901ded514fd16ce4	code/unix/linux_snd.c
49f203c792634c7966c31c7426c67954388cf83c	code/unix/qasm.h
3b7922882dfbac53696d2cf9db52e4e4045bff20	code/unix/unix_glw.h
aa686503b5e70a00b9579bd62cdaa9fe58f51013	code/unix/unix_main.c
95f03f16df439c7b189d87637c56e7cb9e32037e	code/unix/unix_net.c
94aecd63b59bbe66c08f6cab3991bdb2b0baeb47	code/unix/unix_shared.c
41bb186e851448ba3542dd992d720a3a8975770e	code/unix/vm_x86.c
f06442344af7e9ae09abcbce01b61e4837e8e914	code/win32/glw_win.h
95834e0351332d10679277dec8f10919cfcf38d0	code/win32/resource.h
4f975adf70878335e25e649def4f280b5a8c9991	code/win32/win_gamma.c
0060a558c34c4751a2a0a8c8ceaa2944d4477f01	code/win32/win_glimp.c
129e9f8227edd1adbe8ca9f34d2b962a8157fbdf	code/win32/win_input.c
225205a01a82bd3273e33c3f7444478a8556e761	code/win32/win_local.h
02b76b57b6d1dfc79ce4e0d2225af2ca87995f32	code/win32/win_main.c
a43e0a9f4b56fe6fd78dd6487094b5950fec37d3	code/win32/win_net.c
37edfbf9db4ca4d72b5bf57be0a801a6e6bde9ae	code/win32/win_qgl.c
24dbac1d0dd35c751ce1600182e4ecc654cfd084	code/win32/win_shared.c
5668eb845d07ee3fdcf9ed04bb119b0d3ffbdad4	code/win32/win_snd.c
2e2c5235a108b8367c15e360784c71fd3c11994e	code/win32/win_syscon.c
45db540e845ec801c8697fe651a56c280ced4718	code/win32/win_wndproc.c
932f2b60fa102cbeba9f3b9461b0adde6e3cfb45	common/aselib.c
1c55d555b9ae801c577052ff38aa9f21e52cbc94	common/aselib.h
8fd54c23d45f145f4b9e83b9e79b6c8dd1389373	common/bspfile.c
971ca50ac5e0b18093a834179e019f3c7543c178	common/bspfile.h
c05d116ecb506337c77bc165e07829dcbe1ba5fa	common/cmdlib.c
4c3180842367e5616b8bdc2c3ca7e8a523c21da4	common/cmdlib.h
59b6dc05ea43e51ced6946e64d3bdc7a75c850ac	common/imagelib.c
1d592ab05ce727d2bdaa44dc48a463a19fb5290a	common/imagelib.h
30e24d72e73a0d4d00e792866982fd78491e407f	common/l3dslib.c
401e624173e247d739d3d3aabd619db0414151af	common/l3dslib.h
0e511d754c23cef61cfeaf28b6946e66e536da24	common/mathlib.c
f897b970555f2756eedb2ebab9f0cbbcbaed91a2	common/mathlib.h
e8d42b0114a91bb74e977bdd5e7108d4a6f65042	common/md4.c
ba8dea7984d327c91bf907df880053e6d5d46e51	common/mutex.c
98e3b53e03b74b3aec189988454dee582f3e336d	common/mutex.h
d9c046c3b5ca02ad6c28d393b644907a7280203b	common/polylib.c
0822dfacd4a30d3e3409e20ee066a142ac497915	common/polylib.h
f014d82863ec0090632ed65716c4b2a5594bddc0	common/polyset.h
cd5fdb7c6f171ed35e054c8a5e507220db199f60	common/qfiles.h
3fea17e6e3537c5c2c34a75189a072cb041b1eb6	common/scriplib.c
5f09543be2346cf6dc9cc7ede88be759160aa237	common/scriplib.h
4b369d7441602cec231ac5f270456467eaefaa4d	common/surfaceflags.h
e58189baff29a6c5cb9b6efd9c5a8a8a4f75d7c3	common/threads.c
6820193a82b0a38ee467452fa428b058676955e2	common/threads.h
bf0ef9d4db94965909f9067d4c55dbf928050149	common/trilib.c
ae9a8f99540db6c2f18bcb56103d4a8057d6a0c5	common/trilib.h
89cd079c6946c2ba6b7be319e464d61a54a3bf11	lcc/cpp/cpp.c
d55204a85e250a157e4325f6b85fe526eb00d438	lcc/cpp/cpp.h
35a7b226a4850ae1c0eccb04d9c6bdc603739939	lcc/cpp/eval.c
b91dc9410dd6a10577b96046a051bded2c0fd6e1	lcc/cpp/getopt.c
769463a1f5af99d0d15af7252cf6d4dbcdf1181d	lcc/cpp/hideset.c
cc050e4d0ac1662edcf27318faf7bef26fc29294	lcc/cpp/include.c
46d5008eb0f06b05ebc6fbdd0ab8b7636f81e8f4	lcc/cpp/lex.c
23f7e466087fd9232518f4362f673b356675e62c	lcc/cpp/macro.c
f12a35387e1ccf835b17caf9e3ca880371768af3	lcc/cpp/nlist.c
fcec78c3e2a82149cc01a47262a21ab66d7a1a45	lcc/cpp/tokens.c
075d15bcc0b1b9ef4eae98729c32b1b15a3ea111	lcc/cpp/unix.c
ccedc3cc35d46763d6334e3a593d4276f8b4dd32	lcc/etc/bprint.c
8c8cbeb06be4504d117bcfae302a2a969b0d6cf8	lcc/etc/gcc-solaris.c
70438c2ceb402795b41e7d100bfb8ab190f9b144	lcc/etc/irix.c
e47d8f9b58ce17b193210b7c25f47cd994e4bcb7	lcc/etc/lcc.c
388311eacb3099aa3f00a6e7b254be05e83557dc	lcc/etc/linux.c
916ecc305be4189890dc55403d8d63667033f4b0	lcc/etc/ops.c
4d02c90069751264d24067e2db689ea1a7bbd3c8	lcc/etc/osf.c
33b2335e2b7fd1cffb83f24d45a6d6b314165964	lcc/etc/solaris.c
c39a19165fd4c5c2a684d1b0fb3fdc131473beda	lcc/etc/win32.c
21801b139a4363e5d1afcce78c13686445ecb9da	lcc/include/alpha/osf/assert.h
ff17769004de489b458e0e5aed02f3f1646eab24	lcc/include/alpha/osf/ctype.h
f486993fee663466b2a7456315a2827e822259e9	lcc/include/alpha/osf/errno.h
d9e752d2632d6dc4c0f10f5038ef62692c02bd88	lcc/include/alpha/osf/float.h
4689bd082080b6d254e5a29e67b74f9a4656b8dc	lcc/include/alpha/osf/limits.h
81410311c2ce42b952c88b713ee6f987715db3e5	lcc/include/alpha/osf/locale.h
6875dac167003c4bbd6ea133031577e246f1b9e9	lcc/include/alpha/osf/math.h
f5899e01c164473e504feb4f1b6a98fed1e4f564	lcc/include/alpha/osf/setjmp.h
773e57962f3ece33ca82752c6bea018e13919657	lcc/include/alpha/osf/signal.h
70e0acc7fd8a506d2f2fc76adcab0c8230c52f1c	lcc/include/alpha/osf/stdarg.h
9595f703564c85c09e4d5a1a537a15082d3ea81f	lcc/include/alpha/osf/stddef.h
e19d38ff7622234cce272e97e67f0b0e8e36aef2	lcc/include/alpha/osf/stdio.h
a7f5ec36b3c125c340fe2e1bfa63fdc3b3439ca0	lcc/include/alpha/osf/stdlib.h
f6065130974e1ace8c3f87c6421df292ec2131bf	lcc/include/alpha/osf/string.h
3aefe464b113a97b9f0d22a79af4c9b3f417ba86	lcc/include/alpha/osf/time.h
aa0270b0ee2a7033c117b503dffcbe2e41c113dd	lcc/include/mips/irix/assert.h
6334334af1b29988692f1ca2c8ba540caab97504	lcc/include/mips/irix/ctype.h
f486993fee663466b2a7456315a2827e822259e9	lcc/include/mips/irix/errno.h
d9e752d2632d6dc4c0f10f5038ef62692c02bd88	lcc/include/mips/irix/float.h
7daaca8197dc809799f530f9d6f1a6ab9e84f342	lcc/include/mips/irix/limits.h
81410311c2ce42b952c88b713ee6f987715db3e5	lcc/include/mips/irix/locale.h
6875dac167003c4bbd6ea133031577e246f1b9e9	lcc/include/mips/irix/math.h
0e1d932908bdcbac8b570ef0e2041fb162fb9b16	lcc/include/mips/irix/setjmp.h
773e57962f3ece33ca82752c6bea018e13919657	lcc/include/mips/irix/signal.h
c5b3e1ec15bb8142841c94779ac92b31a74d4e68	lcc/include/mips/irix/stdarg.h
9595f703564c85c09e4d5a1a537a15082d3ea81f	lcc/include/mips/irix/stddef.h
0bf841adce2d6e59eeb9e1e535388c39e0cf3e76	lcc/include/mips/irix/stdio.h
a7f5ec36b3c125c340fe2e1bfa63fdc3b3439ca0	lcc/include/mips/irix/stdlib.h
f6065130974e1ace8c3f87c6421df292ec2131bf	lcc/include/mips/irix/string.h
f3399d39ddd9e37d1aa00e62a5ea036e74e4e1ca	lcc/include/mips/irix/time.h
21801b139a4363e5d1afcce78c13686445ecb9da	lcc/include/sparc/solaris/assert.h
2b6a525e496019c4b3e275a327fb6e0eb26f0404	lcc/include/sparc/solaris/ctype.h
f486993fee663466b2a7456315a2827e822259e9	lcc/include/sparc/solaris/errno.h
d9e752d2632d6dc4c0f10f5038ef62692c02bd88	lcc/include/sparc/solaris/float.h
7daaca8197dc809799f530f9d6f1a6ab9e84f342	lcc/include/sparc/solaris/limits.h
81410311c2ce42b952c88b713ee6f987715db3e5	lcc/include/sparc/solaris/locale.h
03929e356284d6e6a7c776c0b82fc4afffaedcf6	lcc/include/sparc/solaris/math.h
b12e2843188885bcad5580e9c45d655303f5d093	lcc/include/sparc/solaris/setjmp.h
773e57962f3ece33ca82752c6bea018e13919657	lcc/include/sparc/solaris/signal.h
a5514c9931829a5b8bec48e1209ccab1eac6a7d9	lcc/include/sparc/solaris/stdarg.h
9595f703564c85c09e4d5a1a537a15082d3ea81f	lcc/include/sparc/solaris/stddef.h
698bcae07f1babc6c5e9247217097b8eecd67a4c	lcc/include/sparc/solaris/stdio.h
a7f5ec36b3c125c340fe2e1bfa63fdc3b3439ca0	lcc/include/sparc/solaris/stdlib.h
f6065130974e1ace8c3f87c6421df292ec2131bf	lcc/include/sparc/solaris/string.h
f3399d39ddd9e37d1aa00e62a5ea036e74e4e1ca	lcc/include/sparc/solaris/time.h
aa0270b0ee2a7033c117b503dffcbe2e41c113dd	lcc/include/x86/linux/assert.h
09d5483f975ad040efee072a10f894cce601d57b	lcc/include/x86/linux/float.h
3ae761095ddb4f430220072576a7a9b1b558e453	lcc/include/x86/linux/stdarg.h
4e480843add1db5555d7bbe7dcf059d74280295c	lcc/lburg/gram.c
2b6bb61249d0827a912cc895d503242c4848f717	lcc/lburg/lburg.c
dbf7e8a28172823b44660290667083cb873ca68f	lcc/lburg/lburg.h
201ffba320d0e08b23d46034513152d07a70270b	lcc/lib/assert.c
ee850b6ba1f904a27a8e7a8cc33655ce8aa75273	lcc/lib/bbexit.c
adfe79d2699c98eb21d93c5c75cbc09a2460778f	lcc/lib/yynull.c
2ab20fa8c171765c0459201ec50b72a16ef0a7ed	lcc/src/2html.c
73e1c6cb828c2e8b303a4409b236e2ae043b8409	lcc/src/alloc.c
332ca9504ccb66a0120f006cdd6b7c6aba306381	lcc/src/asdl.c
42359c1e2cfb562821e4154d19d8b5a666188cc7	lcc/src/bind.c
0fa9424f4d5b57ec999df111b4eb52d004744278	lcc/src/bytecode.c
e127dfc69f813db571b45da125c0932e6d658da4	lcc/src/c.h
e02118bd20069c5d6c18d183cff080ffeea1f6ae	lcc/src/config.h
3a6d509207c5caf04cafa1258177db2183e057a7	lcc/src/dag.c
eb3535b0e6cd5b747541f7c00527d27ed2a4584c	lcc/src/decl.c
ffe9192c152874b72cd45ddfb3b83687f4e3ac00	lcc/src/enode.c
bca613a69051fc8ea323626865c660442f3e3558	lcc/src/error.c
397db5d92c11591f8dd3cb76b22d1362fcb0ee2a	lcc/src/event.c
1a4e09c56eaa1aecf9e320ac647f68ae402bd558	lcc/src/expr.c
6a70cb32f68bfa25eaa5dad65900aaab99fc6880	lcc/src/gen.c
3bd4e35567d91d899dd4317114f626e878b3b3d1	lcc/src/init.c
386496e74289da4cc06252717983c1bab335bea5	lcc/src/inits.c
913ebebf32cdbf05530c6c7f1e1df253b9259596	lcc/src/input.c
58d283615c13cd84f329ba9f81c2bc6d4d6177b7	lcc/src/lex.c
549038c58885ad6236d23c43bda0c896baf83c3c	lcc/src/list.c
bc170cedccc5bfd558cb6f93205310f5515d2c97	lcc/src/main.c
101f2f0040b3a5829ae61a64a70d579d1d4e8511	lcc/src/null.c
a08b544ac94c91d2b47c025b49c248150af50e66	lcc/src/output.c
0b5685aaf1913018e6e1880168f9a1f27177c1a9	lcc/src/pass2.c
fd57c0a0a0ee1b5e759c75e2e3c0eb9dc101696f	lcc/src/prof.c
2282866ea0a5db68a153984243c6b763799c9eeb	lcc/src/profio.c
4f46e9dc2fe00068f1bbd9168898a94c4e6ca1da	lcc/src/simp.c
fac6ab4b78fa1471d09d42e922a7a0bd8a742753	lcc/src/stab.c
1477e8bbe621a879946587d2678ef50d6a8dfac4	lcc/src/stab.h
bd9f8747052800a5b2453baf522649e0843742a4	lcc/src/stmt.c
96781c2f80c9d09b377b1094b56e49cfe4adca9b	lcc/src/string.c
36ceadba5ea3c1372fbaa36ac550d50ab02ca6be	lcc/src/sym.c
c929ad53d80b1e8d743dd18b63a8b93d0848646a	lcc/src/symbolic.c
7273dc468f3523852797617a124a17f696b76c6d	lcc/src/token.h
fbf1969edfeb2c73e35ac5071164a31eb400e312	lcc/src/trace.c
4809f7588ac1f974d0f38a72830c966ab9cdca85	lcc/src/tree.c
726c63b8494c87f506c61f1f48f9270b329d156b	lcc/src/types.c
b22b7aed8491bccacb01f8445b11c8c984bcab68	lcc/tst/8q.c
73d0ab01bd0980bca18ba10f5114a1d87bed0680	lcc/tst/array.c
eedd6351dda49db9afd69a4776ecfbfe0fab32a3	lcc/tst/cf.c
c5fac20f953bd235added7cd7d9293244aaa811a	lcc/tst/cq.c
663290d38454078df8f1d17efbac1386ab23eadd	lcc/tst/cvt.c
e5b359e66415ccbe392158f04b05402b322bede9	lcc/tst/fields.c
1fbf8371622f5a7003f727a466d66e1f093033a6	lcc/tst/front.c
8193713be82c68c97dfc851a552ddd0682e9b48e	lcc/tst/incr.c
951fed6af9a645c5c02ca2f63a95d79591ebeb27	lcc/tst/init.c
4ac5695da1a8602c25f7b5d8e8fb860c00b982bb	lcc/tst/limits.c
c026ea632e12f79b9553627dc5c5e3c56478b08e	lcc/tst/paranoia.c
d514ecf054eb4ef695c6c2556198277aefc85392	lcc/tst/sort.c
6e8f4478a10546535fe344d842fbb6384ce9fee8	lcc/tst/spill.c
dce7eb72752f1b1ef1f17f9f4f8ae71af8601c59	lcc/tst/stdarg.c
3e56eed99a44c0a1aa4453b146e8934489128240	lcc/tst/struct.c
35752c8c2b972f4d64cfec87e0fbcfc35b24eea6	lcc/tst/switch.c
eab0332c0368bfabeb3226f860687d9b5c3a2a27	lcc/tst/wf1.c
347ea2d7b0ce7d64619888657c2ff24cfdfc9e10	lcc/tst/yacc.c
3049373d1b72f844d65432e3c15995aa72e86b68	libs/cmdlib.h
fbf932b867b2eda93b8ab337bca518e228d1fc2b	libs/cmdlib/cmdlib.cpp
685e71f2ed5c3ec2b145b91f3aead25d3d43d13d	libs/jpeg6/jchuff.h
4a108341aad27c437e7a37b52be741a95880b0ea	libs/jpeg6/jcomapi.cpp
3a5ddda3fe9f24cff805ad5b5570b7809f7311ce	libs/jpeg6/jconfig.h
4206f13083730d3cd5e82ddd884e6ee7715d2062	libs/jpeg6/jdapimin.cpp
e243153306fa455900d0c17626976b9aabe8c9de	libs/jpeg6/jdapistd.cpp
6126aad60cfb171b1ac1809b301db4addef7e2ae	libs/jpeg6/jdatasrc.cpp
ceaa82526a80a4377f36e97a9374f1d204952bcd	libs/jpeg6/jdcoefct.cpp
a08d7b119bebc520fd12e15ace2d0dfe4a4e4751	libs/jpeg6/jdcolor.cpp
74726a568d5ddb4b29985baef2f862e57e1a5831	libs/jpeg6/jdct.h
a60176941002e4b9c44941a2caec4b2f742b628a	libs/jpeg6/jddctmgr.cpp
9e1069a266cc379f2f03ef776e04a541ab58507a	libs/jpeg6/jdhuff.cpp
0403d0c1626052b7385c4e7922e9e812d598ebb0	libs/jpeg6/jdhuff.h
72c85a5d3f158e3ae7ebdf8c8d7c7379d3663a34	libs/jpeg6/jdinput.cpp
5f1e294555da712ff85e3ee5a0b49774cbfc84c8	libs/jpeg6/jdmainct.cpp
a0330d2f8f909ce221566e20c1e463b5493be432	libs/jpeg6/jdmarker.cpp
b36663f920054ad6d7135dedd6038581bf5aba17	libs/jpeg6/jdmaster.cpp
83343c77781c27c38a39a0b4ccf372da6352a1ab	libs/jpeg6/jdpostct.cpp
78a16285e1fb6ed77e65fe3793981cd6565f8136	libs/jpeg6/jdsample.cpp
f60953636be6b24a71276cbf781203bca6d73f45	libs/jpeg6/jdtrans.cpp
22e00327a5c5af00fa517d07122a743a1abef3e9	libs/jpeg6/jerror.cpp
3d9a14a42066b7e2ce225da2a6dedc1db5f64b63	libs/jpeg6/jerror.h
e4f4da7f15b5a375a9c7f1e218e3e5b2021daf9f	libs/jpeg6/jfdctflt.cpp
50f1c9ac0bd9a23b7d6f6be9126743910c34f213	libs/jpeg6/jidctflt.cpp
ec19a4089e1a679ec3047739dacd00d8164d2c4b	libs/jpeg6/jinclude.h
8bb542ebb9a4dc0d4bbaf980065793ebcfdd853f	libs/jpeg6/jmemmgr.cpp
01775c5e887e09cb8b1a0913f8b938897c31bf5a	libs/jpeg6/jmemnobs.cpp
8ed8f659908c1c1209d53d3e067065fa5c97fe12	libs/jpeg6/jmemsys.h
45c4b03e0625f6133191656a3f5aa9e350e5a34a	libs/jpeg6/jmorecfg.h
f6c4c81b1b2933c71c5d9ee3fe1ed257bda9936e	libs/jpeg6/jpegint.h
e48b9b9d1a023d373e6331eed4904e1eec014945	libs/jpeg6/jpgload.cpp
45d5ec5ff377645d944427eb2d3797c7747ac895	libs/jpeg6/jutils.cpp
c48f3ae970525a58f1ae1f6ec519ffb3731d0496	libs/jpeg6/jversion.h
967b3d0193d4fc1f69de9c0185a784be742b97e3	libs/jpeglib.h
183f90a830363b33b20860d782c53605cc85fd52	libs/pak/pakstuff.cpp
3a4e3fabdb0f0d29eda0bfd4760de1d8dd497f99	libs/pak/unzip.cpp
11c201b9715f237d260ea9946e04c4b0b27f34a5	libs/pak/unzip.h
f946161615eb0c35b54b6fd5deb576138f41107a	libs/pakstuff.h
42f4f70bcc5c8f43ce02779c0a5ee7c7a02e4b03	libs/str.h
e6ff8d3f3ec399fa84b394cc0da68cfaf68538e0	q3asm/cmdlib.c
4c3180842367e5616b8bdc2c3ca7e8a523c21da4	q3asm/cmdlib.h
ad1621b2f31efba56a8230aea704967fe0ba257e	q3asm/mathlib.h
7fbffa04821d958c8af6e6911c4951696954dd73	q3asm/opstrings.h
0cc0d2e5288c9ac7ab002561dd9b0fa452f1318b	q3asm/q3asm.c
6fff25f77e3709359102ad9e3013bc59fa1fc3c0	q3asm/qfiles.h
f2ccf8a96ac31b457a9b4ee1c5d991faeb5d56b8	q3map/brush.c
071b29b4b22e810dfc00f0e7c5017362789ee788	q3map/brush_primit.c
5e353789d6d7f51148decf2fc3e47f3dbc5ba1f7	q3map/bsp.c
0d4216e94a9825f41a5ebccf89f725833fb4c882	q3map/facebsp.c
c9493262c86e5363208093abbba3c2820fcf039e	q3map/fog.c
99cac044c15d7fd01665eb878adcd5083408005a	q3map/gldraw.c
00f26209e08e7c61f3cd0e01fc494d7a52f7bae2	q3map/glfile.c
0f2664c2c284e8a7be3adf8938d2e8eada23b0fb	q3map/leakfile.c
2aea94d572f98343d323337ee0757309dbbab373	q3map/light.c
5a4b49ec680ce64fd7ef4ad65c0520601b4f7f31	q3map/light.h
12a02d7fedff1310e0dee6afae2b4d3ff9244820	q3map/light_trace.c
cdb6fbcd4b3894d2a0a6a46d26e32fa18cc4efd1	q3map/lightmaps.c
55fd1fcc9f607260891774babbb2e2dd27197ff7	q3map/lightv.c
0c5a2c0b6fe82a8746e11e96f390b4c335de8502	q3map/map.c
79028c198f4a55fe7366deeee8fe45ca3d7927bb	q3map/mesh.c
594d2dd573f4aa7aceb800fa2c46676aae90bfaa	q3map/mesh.h
f398366f9dbd65c4c1c46efaaa4310438889a0ea	q3map/misc_model.c
7f7d7ef5358297aba33e966a06d002290b2a5e66	q3map/nodraw.c
48e5c431c31839c0649db7289096a4161794c463	q3map/patch.c
00ec5b618ac53e7ca22c10b3aec9eefb947526c7	q3map/portals.c
0aae059c3027651afc8f4a2837b8e9c6593567c0	q3map/prtfile.c
145b226557672f30ec282a8302f43151377d316d	q3map/qbsp.h
327d343ee0da19969b640ccaf0ab18efe52cbc7a	q3map/shaders.c
180bede4df99e47c2f7cb1ff471213e8a88a2631	q3map/shaders.h
2e944d6cfa10c9fef52df4a19047d0e9f3efef14	q3map/soundv.c
1941b8e4882c0d28e8188036b281cc0d59e20c2b	q3map/surface.c
0ba3ed05485c71ec57be75bc3dca07deaee827b3	q3map/terrain.c
e9eb74ab85a9d20d1bc8e42ece856e41c68d15ba	q3map/tjunction.c
abb036fcb4e05c5561a377b6b772d821e176731d	q3map/tree.c
5db737d8e8d239f60f70cc41cc5a28c2b9c38733	q3map/vis.c
5cc398dc4d3bd576b15bd593f44c9310b7a81459	q3map/vis.h
af7f0010b4f609168761639f542094d013c9c3c4	q3map/visflow.c
fb6442ca3d2c45f5becb15baeb82b366ef952db0	q3map/writebsp.c
466f279b99aaa429fc7c8c18512dc1c699717410	q3radiant/BSInput.cpp
e859fdaf067aee433b1ca1760ba48588179f2599	q3radiant/BSInput.h
eeef412cdcab111b71313c6f06100ada24f2a9f6	q3radiant/Bmp.cpp
c1349b6190f35a3f1c5e4895636c75f87c718b6e	q3radiant/Brush.cpp
5cfe937171f1bd90d561571f946dd4538630d7d2	q3radiant/BrushScript.cpp
6d56bbc8ea767bd4197a283d334787cc87e052f4	q3radiant/CamWnd.cpp
86db24e2cbd9275adaa42c6c3c6810c49be9ebfa	q3radiant/CamWnd.h
113c144fe536783e7fa557fb0f919fd44ddbef1f	q3radiant/CapDialog.cpp
22ce3d90e7d32a269a86b8382904ea47cbfaf53e	q3radiant/CapDialog.h
809f2ac674ac574739ac6c4e0f2bca164ad6cd77	q3radiant/CharBuffer.h
f7f7636a98485a465cae5e8b4ae3ce97efc07c68	q3radiant/ChildFrm.cpp
9f2c499a33bb7d822ea4a0f91e353007fb75d712	q3radiant/ChildFrm.h
152bc26c65893ea77c63ad5ddc6e4c16637c5975	q3radiant/CommandsDlg.cpp
bb9b3573675a5f2013d3d504f08f4e1cc94208a9	q3radiant/CommandsDlg.h
3fa0175699d2c2063f2bc0bc4b96ee3945203489	q3radiant/DialogInfo.cpp
2f0c41f6ffe6ede8d9261412b2892d13ab7209ba	q3radiant/DialogInfo.h
f34ad6b9de176fe827ed7bfa59bc11b7a27f1f4d	q3radiant/DialogTextures.cpp
cdbbb0fc3aeba9be59c0acf2162fe04a861dcbec	q3radiant/DialogTextures.h
4071a2234a1936993a9841148fb0c4830db84a9c	q3radiant/DialogThick.cpp
8739c034a5ab7a9dff4333e565ba91e8c23d4dbf	q3radiant/DialogThick.h
aea40259b3d2178b56f72d32738a4adcbb924818	q3radiant/DlgEvent.cpp
f2b6bf13d46a039de8c3325e9465e82c31cbde43	q3radiant/DlgEvent.h
1cbbe8b312ab7afc4e5e1d764082158176717eaa	q3radiant/EditWnd.cpp
75a43684cbe313c11bd4bd511e200509d0a6ec2d	q3radiant/EditWnd.h
da5f814134526d8ffbbdf26a9ba82408832c41d1	q3radiant/EntityListDlg.cpp
c334589290d34438496f94d2f19c6aeb252e5944	q3radiant/EntityListDlg.h
84aa99c07fc619895d4e8244867ff1bcf7d54233	q3radiant/EpairsWrapper.h
78de6d229e20c32566bb9b28eb48c851d48bdbfa	q3radiant/FindTextureDlg.cpp
b769c3189e5789f86ba1d439da1d974a588fb6f5	q3radiant/FindTextureDlg.h
c926d79437a832f1ee26cd10b8e7c421ddb86c50	q3radiant/GLInterface.cpp
622a058e37650e9b7964ef8a4b1ad09ef77d806e	q3radiant/GroupBar.cpp
61bee6904ac5263e0400a28fe9d3c08d7e32e942	q3radiant/GroupBar.h
4d074219b99e35f2df6dbd9fc8ebb38bbb1ccf93	q3radiant/GroupDlg.cpp
807f704ff32d764593863045c9605db9fad32ab7	q3radiant/GroupDlg.h
1e3c55e928a23e60d64b1bb03897b01eb7a81521	q3radiant/IBSPFrontend.h
a645103beb19f3f27145c1ef2506ea5f51e3b5ab	q3radiant/IEpairs.cpp
34fb4a2e75f3d5e19ffb518736dcc83e40c3b52b	q3radiant/IEpairs.h
fce48f53b24097616dbde4329bc5bc2b8b5533d7	q3radiant/IMessaging.h
e7456f6547dbf2bbd790c0911e2f6081964843d5	q3radiant/IPluginEntities.h
ce13058eee64a86b82af7337f02131629e9feb45	q3radiant/ISelectedFace.h
ffca1a8af61085e28f887fdf20462e79a7ca805f	q3radiant/IShaders.cpp
1aea12e3c7736c2f220224b2734211ad10e16f00	q3radiant/IShaders.h
bb58da674eee5fa65391ad8a587aa7e9515dfca6	q3radiant/LstToolBar.cpp
275b1affebd7939aa450b284e662ceec63ea67b7	q3radiant/LstToolBar.h
6b1b3012af2a1fdc053a2a259e671b578a01a944	q3radiant/MainFrm.cpp
af4dc600082fc54c95fdc20a3d8f20f99c465e88	q3radiant/MainFrm.h
2d3ed33e2cc427c83bed2f9d09c0d8d9aca571ca	q3radiant/MapInfo.cpp
bb041a2d17dc2b3919203bf420eb8aa5d8ac4c7f	q3radiant/MapInfo.h
3c3ee3bc4c19c2308ddc6a0b842bb51890a37fc3	q3radiant/Messaging.cpp
b66b8d9f38d8c40c9e9bae35dc277221e374666b	q3radiant/Messaging.h
26b64821568de8b30c924c6ddec6fa08de5b2378	q3radiant/NameDlg.cpp
cc9d6986471519ccda93fb1120df6e762147b481	q3radiant/NameDlg.h
8ab75cb1e465e66bdbab81d06cd87db29d5f466b	q3radiant/NewProjDlg.cpp
06eceb0b9fbe33fd10347281e78eeafe9dbbd060	q3radiant/NewProjDlg.h
8d9cbe010d61e8579d3f760ab33813d8efa275f9	q3radiant/PatchDensityDlg.cpp
df038bcf97dc1c0cc6e20f4cbde6565d2cbff370	q3radiant/PatchDensityDlg.h
852d2e96a74300b07325f22b8ff54d48aa2b69e9	q3radiant/PatchDialog.cpp
bafaaeea578fa34bcdb15629f8f6d1a8cb483932	q3radiant/PatchDialog.h
a543e95f8bfab29461cd09e71728adc12f09b541	q3radiant/PlugIn.cpp
1f7f327cf866ad48041d4bdcf1d453704d3cf436	q3radiant/PlugIn.h
5aca3f66ec48727039597110ba21e692a75e8277	q3radiant/PlugInManager.cpp
1c069bbebabf5686b366a11924a8a9145d7fe7b0	q3radiant/PlugInManager.h
8cd26209a710657dda52e0e1bc473dfcfd7599c7	q3radiant/PluginEntities.cpp
ef3a96e0189ad35f97b8ff6db2f5fc5d77a3bcbc	q3radiant/PrefsDlg.cpp
ff13e0b6b694365324667e431a27a19a375c56cf	q3radiant/PrefsDlg.h
decf8d9f1c17bbca7a8fb06529c559b0ce4381a8	q3radiant/RADEditView.cpp
0e31975cc6c660052e7f02037c992b014d0b646c	q3radiant/RADEditView.h
8488abf5ede0ba18b93d30d74b31505be341b5e8	q3radiant/RADEditWnd.cpp
583d25ddff9d9c651ce85ceef8b1071340886970	q3radiant/RADEditWnd.h
1334a3af46dff163346833cf041de72173a64dc1	q3radiant/Radiant.cpp
f902206aed2fd7addde0a8d0d2c365daa3446d0c	q3radiant/Radiant.h
5bf03563ec4164d2cc9798a4c891be67fdb64ed7	q3radiant/RadiantDoc.cpp
6b943b3e4479c646863b62607eff65f29dee13ec	q3radiant/RadiantDoc.h
82eee064cb66582b135554cbcdf6781c92dc0dac	q3radiant/RadiantView.cpp
efff9a292ba57bde040996acd3ee16c0c583e7c4	q3radiant/RadiantView.h
4edeb69c5a81c26eb0bfda1f0f9a9d2e7dfe637a	q3radiant/RotateDlg.cpp
dbd8470672743b5587da72bb8665d3f9c40c710d	q3radiant/RotateDlg.h
222e031e99e321ae08c562dcc7c8e74da05bf9bb	q3radiant/ScaleDialog.cpp
4bfa00e837f3648dc04747740479eb552573c196	q3radiant/ScaleDialog.h
274658cd4b8d8c2ae86f6a43895f8c171d280d09	q3radiant/ScriptDlg.cpp
b21a2e33ce77b5d44729295f2898166dd67d3ee6	q3radiant/ScriptDlg.h
3d4b2c4b05ac3d0442b38f387bb5dd7c852b07db	q3radiant/SelectedFace.cpp
d4ecaf0e051f0e944663d0b1a4836f1d2809f124	q3radiant/ShaderEdit.cpp
fe7931354be38287cad948191fe54245d3950e82	q3radiant/ShaderEdit.h
c36e199aee6e5b4c683fe90915a2854ebc5420f8	q3radiant/ShaderInfo.cpp
9c2078d6e83340ddfb2484e0381a6201256c84a7	q3radiant/ShaderInfo.h
03f85a44e5f7143c1f2389950a0c14fa3b4c08e1	q3radiant/StdAfx.cpp
f56105cfc3a3b5625135123fa8fbe01a64fd00c7	q3radiant/StdAfx.h
2274cca255ebf10681a97d84bc6720b8f440527e	q3radiant/SurfaceDlg.cpp
608d87c1ce9597476db4158645e35efdb2a91686	q3radiant/SurfaceDlg.h
cf9b2c26d01e967a8652ca87e6cc463c5109e33d	q3radiant/SurfacePlugin.cpp
f8640fa0146a4bf81c149347a88a1788732610a7	q3radiant/TexEdit.cpp
34f8a52ebb3306c11ae6f8513bf1e16129db1d19	q3radiant/TexEdit.h
f1af38ae8e1d901c1d3f8dfe4a5156074d254f39	q3radiant/TexWnd.cpp
c5ac82882595dd7225315f5d14484b19d919a513	q3radiant/TexWnd.h
c679593c05f46fe9e2d6ccf3c270eff4410daf8a	q3radiant/TextureBar.cpp
6442ee89faed8a7ade0b2640633bc6449e861273	q3radiant/TextureBar.h
4061c67e82ea6aee56a4947ff5c080e10ef0b4fe	q3radiant/TextureLayout.cpp
885cd3f1153ac91453d749a4e37093f4f2321cc1	q3radiant/TextureLayout.h
d90cc2c3a7638749b0f28144dbe664ebb1bf1e8c	q3radiant/TextureLoad.cpp
77fe8c321e0864d0b7d38beb6558df1150318fc8	q3radiant/TextureLoad.h
41bfeab80d26f87cc0f11410c4a9f140cd491ebe	q3radiant/Textures.h
12fb33b76dd8d14b9ed437a30a0e5441ed1440ab	q3radiant/ToolWnd.cpp
4526de2e0443e6fe685434404177181b57e45402	q3radiant/ToolWnd.h
31d4a748284447a40be02c129281edf3378b8d8b	q3radiant/Undo.cpp
05c00164ebd1489250060593f46884bb74ecd9fc	q3radiant/Undo.h
b753cbc456fb42c346977fed494e4f054b15aa58	q3radiant/WaveOpen.cpp
c6b46c6f69347d956d0484ed8990ff616bc9e120	q3radiant/WaveOpen.h
07342183dafafe25d1b5787308c0345f6db7e6f0	q3radiant/Win_ent.cpp
4b294a5519c5d3d732270063f5b613a9fd25248a	q3radiant/Win_main.cpp
fad48521a15c5dbe5a15d54ef65381f264d82c21	q3radiant/Winding.cpp
0f451d721199699394b6e2bf7bdfc296af4ba646	q3radiant/Winding.h
c50f6c1ef3437158f2bec0f5597020a9b78808ac	q3radiant/XYWnd.cpp
eb88d2b777b74672c05b04254a5f4d2317ad3256	q3radiant/XYWnd.h
c2692ce1c78311bc1c2b0419bd483ef72dd8c39e	q3radiant/ZView.cpp
27bcfffd28eed12c31be8cb648fe33eb38cea5f4	q3radiant/ZView.h
0bca5b0e9f093c94c68d8086c8b8738f4b20f71c	q3radiant/ZWnd.cpp
deb8ede0b731c04f62022e28e666ad6a73586678	q3radiant/ZWnd.h
dafc7d1bdd37d670d8699c46d6a8ec2195d6e61b	q3radiant/brush_primit.cpp
5771a16c9c0ed5923f741264220218fbcccd1d7e	q3radiant/cameratargetdlg.cpp
73a7f8e1bc28c30400d18b3e9090634560482626	q3radiant/cameratargetdlg.h
df21d3799b519539b0bfbf3edb0d95c3ae072846	q3radiant/cbrushstub.cpp
bddd6318abdf1c701272c8ef38b9cd1bda416be3	q3radiant/dlgcamera.cpp
97c3fd8ac153723fea459761358b14eea4d1164f	q3radiant/dlgcamera.h
8277ecb0ccb54f8c3da200dbfa068c0eb1c25eb2	q3radiant/igl.h
02298f2692614e113aed1bf5485ad183237d1cab	q3radiant/iscriplib.h
9d46476b1f323507342411c45d1c6420e9eb12d4	q3radiant/isurfaceplugin.h
7c59150232331a815e01a2c7e073cb91cb1a2c6d	q3radiant/qerplugin.h
771f3933a0adc89a8c9f81fb7138164a6cd302bb	q3radiant/resource.h
8dfbdfbf893bf366c018cf2b15e32efaff2ade68	q3radiant/terrain.cpp
8dc876e67eef11a9de03c3173b524c499d17c0ce	q3radiant/terrain.h
09c9639af0eceacecd03f2e944a1c48bc657afbf	ui/menudef.h
